Company,Website,Expired
Children’s Specialized ABA,blueballoonaba.com,0
Lifeworks Autism Services,www.lifeworksautism.org,0
Special Heart Behavioral Center,specialheartbehavioral.com,0
North Dakota Autism Center,ndautismcenter.org,0
Rainbow ABA Texas,rainbowtherapy.org,0
Southcentral Foundation,www.southcentralfoundation.com,0
"Behavioral Consulting for Autism, PLLC",www.behavioralconsultingnc.com,0
BrightPath Behavior,www.abaconnect.com,0
Connect Plus Therapy,www.connectplustherapy.com,1
Freedom Behavior Consulting,abatucson.com,0
Aspire Behavioral Care,www.aspirebehavioralcare.com,0
iCare Behavior Services,www.icarebehavior.com,0
Advanced Autism Center for Treatment,www.aactarizona.com,0
Nova Community Services Florida,novacshealth.com,0
Siskin Children’s Institute,siskin.org,0
Creative Potential,www.creativepotentialllc.com,0
Embracing Challenges Services,embracingchallenges.com,0
Sentry Living Solutions,sentrylivingsolutions.org,0
Step Up Family Services,stepupfamilyservices.com,0
ABA Experts Florida,www.abaexperts.net,0
Easterseals Central Illinois,www.ci.easterseals.com,0
Pediatric Therapy Studio,www.pediatrictherapystudio.com,0
Apricott ABA,apricott.com,0
My Kid Therapy Center,mykidtherapycenter.com,0
Spectrum ABA Services PR,spectrumabapr.com,0
Reach Behavior and Development Center,www.reachabatherapy.com,0
"ABA Solutions, Inc.",abasolutions.com,0
Adaptive Solutions Rochester,adaptivesolutionsbehaviortherapy.com,0
Thrive Autism Services,www.thrive-autism.com,0
THE BEHAVIOR LAB,thebehaviorlabco.com,0
"Arches ABA Therapy, LLC",archesaba.com,0
Easterseals MORC- Wixom,www.easterseals.com/MORC/,0
Jellyfish Academy Behavioral Interventions,jellyfishacademybehavioral.negocio.site,0
Optimum Behavioral Health North County Clinic,www.optimumbehavioralhealth.com,0
Arizona Autism United (AZA),azaunited.org,0
"ERA Behavioral Solutions, Inc.",www.erabsol.com,0
Autism Behavioral Institute,autismtherapyusa.com,0
Promise Center for Autism,www.promisecenterforautism.com,0
ABA Insight,www.abainsight.net,0
"The Guidance Center of Lea County, Inc",www.gclcnm.org,0
Behavior And Education,www.baetherapy.com,0
ADHD & Autism Psychological Services & Advocacy,aapsa.net,0
GentleCare Therapy,www.gentlecaretherapy.com,0
